experiment_id,lambda_joint_soft_group,decoder_name,cohort,matrix_type,true_label,pred_label,count,row_sum,row_percent
grandBatch128,joint_ce_on,decoder_non_qwk,handan,stage,0,0,377,419,0.8997613365155132
grandBatch128,joint_ce_on,decoder_non_qwk,handan,stage,0,1,0,419,0.0
grandBatch128,joint_ce_on,decoder_non_qwk,handan,stage,0,2,42,419,0.10023866348448687
grandBatch128,joint_ce_on,decoder_non_qwk,handan,stage,1,0,3,3,1.0
grandBatch128,joint_ce_on,decoder_non_qwk,handan,stage,1,1,0,3,0.0
grandBatch128,joint_ce_on,decoder_non_qwk,handan,stage,1,2,0,3,0.0
grandBatch128,joint_ce_on,decoder_non_qwk,handan,stage,2,0,59,84,0.7023809523809523
grandBatch128,joint_ce_on,decoder_non_qwk,handan,stage,2,1,0,84,0.0
grandBatch128,joint_ce_on,decoder_non_qwk,handan,stage,2,2,25,84,0.2976190476190476
grandBatch128,joint_ce_on,decoder_non_qwk,handan_have_bmi,stage,0,0,326,368,0.8858695652173914
grandBatch128,joint_ce_on,decoder_non_qwk,handan_have_bmi,stage,0,1,0,368,0.0
grandBatch128,joint_ce_on,decoder_non_qwk,handan_have_bmi,stage,0,2,42,368,0.11413043478260869
grandBatch128,joint_ce_on,decoder_non_qwk,handan_have_bmi,stage,1,0,3,3,1.0
grandBatch128,joint_ce_on,decoder_non_qwk,handan_have_bmi,stage,1,1,0,3,0.0
grandBatch128,joint_ce_on,decoder_non_qwk,handan_have_bmi,stage,1,2,0,3,0.0
grandBatch128,joint_ce_on,decoder_non_qwk,handan_have_bmi,stage,2,0,50,75,0.6666666666666666
grandBatch128,joint_ce_on,decoder_non_qwk,handan_have_bmi,stage,2,1,0,75,0.0
grandBatch128,joint_ce_on,decoder_non_qwk,handan_have_bmi,stage,2,2,25,75,0.3333333333333333
grandBatch128,joint_ce_on,decoder_non_qwk,hebei,stage,0,0,154,154,1.0
grandBatch128,joint_ce_on,decoder_non_qwk,hebei,stage,0,1,0,154,0.0
grandBatch128,joint_ce_on,decoder_non_qwk,hebei,stage,0,2,0,154,0.0
grandBatch128,joint_ce_on,decoder_non_qwk,hebei,stage,1,0,11,12,0.9166666666666666
grandBatch128,joint_ce_on,decoder_non_qwk,hebei,stage,1,1,0,12,0.0
grandBatch128,joint_ce_on,decoder_non_qwk,hebei,stage,1,2,1,12,0.08333333333333333
grandBatch128,joint_ce_on,decoder_non_qwk,hebei,stage,2,0,23,34,0.6764705882352942
grandBatch128,joint_ce_on,decoder_non_qwk,hebei,stage,2,1,0,34,0.0
grandBatch128,joint_ce_on,decoder_non_qwk,hebei,stage,2,2,11,34,0.3235294117647059
grandBatch128,joint_ce_on,decoder_non_qwk,hfirstALL,stage,0,0,43,51,0.8431372549019608
grandBatch128,joint_ce_on,decoder_non_qwk,hfirstALL,stage,0,1,0,51,0.0
grandBatch128,joint_ce_on,decoder_non_qwk,hfirstALL,stage,0,2,8,51,0.1568627450980392
grandBatch128,joint_ce_on,decoder_non_qwk,hfirstALL,stage,1,0,19,20,0.95
grandBatch128,joint_ce_on,decoder_non_qwk,hfirstALL,stage,1,1,0,20,0.0
grandBatch128,joint_ce_on,decoder_non_qwk,hfirstALL,stage,1,2,1,20,0.05
grandBatch128,joint_ce_on,decoder_non_qwk,hfirstALL,stage,2,0,102,150,0.68
grandBatch128,joint_ce_on,decoder_non_qwk,hfirstALL,stage,2,1,0,150,0.0
grandBatch128,joint_ce_on,decoder_non_qwk,hfirstALL,stage,2,2,48,150,0.32
grandBatch128,joint_ce_on,decoder_non_qwk,hfirstALL_have_bmi,stage,0,0,39,47,0.8297872340425532
grandBatch128,joint_ce_on,decoder_non_qwk,hfirstALL_have_bmi,stage,0,1,0,47,0.0
grandBatch128,joint_ce_on,decoder_non_qwk,hfirstALL_have_bmi,stage,0,2,8,47,0.1702127659574468
grandBatch128,joint_ce_on,decoder_non_qwk,hfirstALL_have_bmi,stage,1,0,17,18,0.9444444444444444
grandBatch128,joint_ce_on,decoder_non_qwk,hfirstALL_have_bmi,stage,1,1,0,18,0.0
grandBatch128,joint_ce_on,decoder_non_qwk,hfirstALL_have_bmi,stage,1,2,1,18,0.05555555555555555
grandBatch128,joint_ce_on,decoder_non_qwk,hfirstALL_have_bmi,stage,2,0,91,138,0.6594202898550725
grandBatch128,joint_ce_on,decoder_non_qwk,hfirstALL_have_bmi,stage,2,1,0,138,0.0
grandBatch128,joint_ce_on,decoder_non_qwk,hfirstALL_have_bmi,stage,2,2,47,138,0.34057971014492755
grandBatch128,joint_ce_on,decoder_non_qwk,internal,stage,0,0,1127,1466,0.7687585266030014
grandBatch128,joint_ce_on,decoder_non_qwk,internal,stage,0,1,0,1466,0.0
grandBatch128,joint_ce_on,decoder_non_qwk,internal,stage,0,2,339,1466,0.23124147339699863
grandBatch128,joint_ce_on,decoder_non_qwk,internal,stage,1,0,117,191,0.612565445026178
grandBatch128,joint_ce_on,decoder_non_qwk,internal,stage,1,1,0,191,0.0
grandBatch128,joint_ce_on,decoder_non_qwk,internal,stage,1,2,74,191,0.387434554973822
grandBatch128,joint_ce_on,decoder_non_qwk,internal,stage,2,0,668,2224,0.30035971223021585
grandBatch128,joint_ce_on,decoder_non_qwk,internal,stage,2,1,0,2224,0.0
grandBatch128,joint_ce_on,decoder_non_qwk,internal,stage,2,2,1556,2224,0.6996402877697842
grandBatch128,joint_ce_on,decoder_temp_ev_macro_f1,handan,stage,0,0,271,419,0.6467780429594272
grandBatch128,joint_ce_on,decoder_temp_ev_macro_f1,handan,stage,0,1,64,419,0.15274463007159905
grandBatch128,joint_ce_on,decoder_temp_ev_macro_f1,handan,stage,0,2,84,419,0.20047732696897375
grandBatch128,joint_ce_on,decoder_temp_ev_macro_f1,handan,stage,1,0,3,3,1.0
grandBatch128,joint_ce_on,decoder_temp_ev_macro_f1,handan,stage,1,1,0,3,0.0
grandBatch128,joint_ce_on,decoder_temp_ev_macro_f1,handan,stage,1,2,0,3,0.0
grandBatch128,joint_ce_on,decoder_temp_ev_macro_f1,handan,stage,2,0,22,84,0.2619047619047619
grandBatch128,joint_ce_on,decoder_temp_ev_macro_f1,handan,stage,2,1,19,84,0.2261904761904762
grandBatch128,joint_ce_on,decoder_temp_ev_macro_f1,handan,stage,2,2,43,84,0.5119047619047619
grandBatch128,joint_ce_on,decoder_temp_ev_macro_f1,handan_have_bmi,stage,0,0,229,368,0.6222826086956522
grandBatch128,joint_ce_on,decoder_temp_ev_macro_f1,handan_have_bmi,stage,0,1,58,368,0.15760869565217392
grandBatch128,joint_ce_on,decoder_temp_ev_macro_f1,handan_have_bmi,stage,0,2,81,368,0.22010869565217392
grandBatch128,joint_ce_on,decoder_temp_ev_macro_f1,handan_have_bmi,stage,1,0,3,3,1.0
grandBatch128,joint_ce_on,decoder_temp_ev_macro_f1,handan_have_bmi,stage,1,1,0,3,0.0
grandBatch128,joint_ce_on,decoder_temp_ev_macro_f1,handan_have_bmi,stage,1,2,0,3,0.0
grandBatch128,joint_ce_on,decoder_temp_ev_macro_f1,handan_have_bmi,stage,2,0,17,75,0.22666666666666666
grandBatch128,joint_ce_on,decoder_temp_ev_macro_f1,handan_have_bmi,stage,2,1,16,75,0.21333333333333335
grandBatch128,joint_ce_on,decoder_temp_ev_macro_f1,handan_have_bmi,stage,2,2,42,75,0.56
grandBatch128,joint_ce_on,decoder_temp_ev_macro_f1,hebei,stage,0,0,154,154,1.0
grandBatch128,joint_ce_on,decoder_temp_ev_macro_f1,hebei,stage,0,1,0,154,0.0
grandBatch128,joint_ce_on,decoder_temp_ev_macro_f1,hebei,stage,0,2,0,154,0.0
grandBatch128,joint_ce_on,decoder_temp_ev_macro_f1,hebei,stage,1,0,7,12,0.5833333333333334
grandBatch128,joint_ce_on,decoder_temp_ev_macro_f1,hebei,stage,1,1,3,12,0.25
grandBatch128,joint_ce_on,decoder_temp_ev_macro_f1,hebei,stage,1,2,2,12,0.16666666666666666
grandBatch128,joint_ce_on,decoder_temp_ev_macro_f1,hebei,stage,2,0,10,34,0.29411764705882354
grandBatch128,joint_ce_on,decoder_temp_ev_macro_f1,hebei,stage,2,1,10,34,0.29411764705882354
grandBatch128,joint_ce_on,decoder_temp_ev_macro_f1,hebei,stage,2,2,14,34,0.4117647058823529
grandBatch128,joint_ce_on,decoder_temp_ev_macro_f1,hfirstALL,stage,0,0,31,51,0.6078431372549019
grandBatch128,joint_ce_on,decoder_temp_ev_macro_f1,hfirstALL,stage,0,1,8,51,0.1568627450980392
grandBatch128,joint_ce_on,decoder_temp_ev_macro_f1,hfirstALL,stage,0,2,12,51,0.23529411764705882
grandBatch128,joint_ce_on,decoder_temp_ev_macro_f1,hfirstALL,stage,1,0,16,20,0.8
grandBatch128,joint_ce_on,decoder_temp_ev_macro_f1,hfirstALL,stage,1,1,2,20,0.1
grandBatch128,joint_ce_on,decoder_temp_ev_macro_f1,hfirstALL,stage,1,2,2,20,0.1
grandBatch128,joint_ce_on,decoder_temp_ev_macro_f1,hfirstALL,stage,2,0,52,150,0.3466666666666667
grandBatch128,joint_ce_on,decoder_temp_ev_macro_f1,hfirstALL,stage,2,1,28,150,0.18666666666666668
grandBatch128,joint_ce_on,decoder_temp_ev_macro_f1,hfirstALL,stage,2,2,70,150,0.4666666666666667
grandBatch128,joint_ce_on,decoder_temp_ev_macro_f1,hfirstALL_have_bmi,stage,0,0,27,47,0.574468085106383
grandBatch128,joint_ce_on,decoder_temp_ev_macro_f1,hfirstALL_have_bmi,stage,0,1,8,47,0.1702127659574468
grandBatch128,joint_ce_on,decoder_temp_ev_macro_f1,hfirstALL_have_bmi,stage,0,2,12,47,0.2553191489361702
grandBatch128,joint_ce_on,decoder_temp_ev_macro_f1,hfirstALL_have_bmi,stage,1,0,14,18,0.7777777777777778
grandBatch128,joint_ce_on,decoder_temp_ev_macro_f1,hfirstALL_have_bmi,stage,1,1,2,18,0.1111111111111111
grandBatch128,joint_ce_on,decoder_temp_ev_macro_f1,hfirstALL_have_bmi,stage,1,2,2,18,0.1111111111111111
grandBatch128,joint_ce_on,decoder_temp_ev_macro_f1,hfirstALL_have_bmi,stage,2,0,42,138,0.30434782608695654
grandBatch128,joint_ce_on,decoder_temp_ev_macro_f1,hfirstALL_have_bmi,stage,2,1,27,138,0.1956521739130435
grandBatch128,joint_ce_on,decoder_temp_ev_macro_f1,hfirstALL_have_bmi,stage,2,2,69,138,0.5
grandBatch128,joint_ce_on,decoder_temp_ev_macro_f1,internal,stage,0,0,891,1466,0.6077762619372442
grandBatch128,joint_ce_on,decoder_temp_ev_macro_f1,internal,stage,0,1,132,1466,0.09004092769440655
grandBatch128,joint_ce_on,decoder_temp_ev_macro_f1,internal,stage,0,2,443,1466,0.30218281036834926
grandBatch128,joint_ce_on,decoder_temp_ev_macro_f1,internal,stage,1,0,72,191,0.3769633507853403
grandBatch128,joint_ce_on,decoder_temp_ev_macro_f1,internal,stage,1,1,22,191,0.11518324607329843
grandBatch128,joint_ce_on,decoder_temp_ev_macro_f1,internal,stage,1,2,97,191,0.5078534031413613
grandBatch128,joint_ce_on,decoder_temp_ev_macro_f1,internal,stage,2,0,269,2224,0.12095323741007194
grandBatch128,joint_ce_on,decoder_temp_ev_macro_f1,internal,stage,2,1,193,2224,0.08678057553956835
grandBatch128,joint_ce_on,decoder_temp_ev_macro_f1,internal,stage,2,2,1762,2224,0.7922661870503597
grandBatch128,joint_ce_on,decoder_temp_threshold_composite,handan,stage,0,0,165,419,0.3937947494033413
grandBatch128,joint_ce_on,decoder_temp_threshold_composite,handan,stage,0,1,235,419,0.5608591885441527
grandBatch128,joint_ce_on,decoder_temp_threshold_composite,handan,stage,0,2,19,419,0.045346062052505964
grandBatch128,joint_ce_on,decoder_temp_threshold_composite,handan,stage,1,0,1,3,0.3333333333333333
grandBatch128,joint_ce_on,decoder_temp_threshold_composite,handan,stage,1,1,2,3,0.6666666666666666
grandBatch128,joint_ce_on,decoder_temp_threshold_composite,handan,stage,1,2,0,3,0.0
grandBatch128,joint_ce_on,decoder_temp_threshold_composite,handan,stage,2,0,15,84,0.17857142857142858
grandBatch128,joint_ce_on,decoder_temp_threshold_composite,handan,stage,2,1,58,84,0.6904761904761905
grandBatch128,joint_ce_on,decoder_temp_threshold_composite,handan,stage,2,2,11,84,0.13095238095238096
grandBatch128,joint_ce_on,decoder_temp_threshold_composite,handan_have_bmi,stage,0,0,133,368,0.36141304347826086
grandBatch128,joint_ce_on,decoder_temp_threshold_composite,handan_have_bmi,stage,0,1,216,368,0.5869565217391305
grandBatch128,joint_ce_on,decoder_temp_threshold_composite,handan_have_bmi,stage,0,2,19,368,0.051630434782608696
grandBatch128,joint_ce_on,decoder_temp_threshold_composite,handan_have_bmi,stage,1,0,1,3,0.3333333333333333
grandBatch128,joint_ce_on,decoder_temp_threshold_composite,handan_have_bmi,stage,1,1,2,3,0.6666666666666666
grandBatch128,joint_ce_on,decoder_temp_threshold_composite,handan_have_bmi,stage,1,2,0,3,0.0
grandBatch128,joint_ce_on,decoder_temp_threshold_composite,handan_have_bmi,stage,2,0,11,75,0.14666666666666667
grandBatch128,joint_ce_on,decoder_temp_threshold_composite,handan_have_bmi,stage,2,1,53,75,0.7066666666666667
grandBatch128,joint_ce_on,decoder_temp_threshold_composite,handan_have_bmi,stage,2,2,11,75,0.14666666666666667
grandBatch128,joint_ce_on,decoder_temp_threshold_composite,hebei,stage,0,0,142,154,0.922077922077922
grandBatch128,joint_ce_on,decoder_temp_threshold_composite,hebei,stage,0,1,12,154,0.07792207792207792
grandBatch128,joint_ce_on,decoder_temp_threshold_composite,hebei,stage,0,2,0,154,0.0
grandBatch128,joint_ce_on,decoder_temp_threshold_composite,hebei,stage,1,0,3,12,0.25
grandBatch128,joint_ce_on,decoder_temp_threshold_composite,hebei,stage,1,1,9,12,0.75
grandBatch128,joint_ce_on,decoder_temp_threshold_composite,hebei,stage,1,2,0,12,0.0
grandBatch128,joint_ce_on,decoder_temp_threshold_composite,hebei,stage,2,0,3,34,0.08823529411764706
grandBatch128,joint_ce_on,decoder_temp_threshold_composite,hebei,stage,2,1,28,34,0.8235294117647058
grandBatch128,joint_ce_on,decoder_temp_threshold_composite,hebei,stage,2,2,3,34,0.08823529411764706
grandBatch128,joint_ce_on,decoder_temp_threshold_composite,hfirstALL,stage,0,0,15,51,0.29411764705882354
grandBatch128,joint_ce_on,decoder_temp_threshold_composite,hfirstALL,stage,0,1,31,51,0.6078431372549019
grandBatch128,joint_ce_on,decoder_temp_threshold_composite,hfirstALL,stage,0,2,5,51,0.09803921568627451
grandBatch128,joint_ce_on,decoder_temp_threshold_composite,hfirstALL,stage,1,0,7,20,0.35
grandBatch128,joint_ce_on,decoder_temp_threshold_composite,hfirstALL,stage,1,1,13,20,0.65
grandBatch128,joint_ce_on,decoder_temp_threshold_composite,hfirstALL,stage,1,2,0,20,0.0
grandBatch128,joint_ce_on,decoder_temp_threshold_composite,hfirstALL,stage,2,0,24,150,0.16
grandBatch128,joint_ce_on,decoder_temp_threshold_composite,hfirstALL,stage,2,1,100,150,0.6666666666666666
grandBatch128,joint_ce_on,decoder_temp_threshold_composite,hfirstALL,stage,2,2,26,150,0.17333333333333334
grandBatch128,joint_ce_on,decoder_temp_threshold_composite,hfirstALL_have_bmi,stage,0,0,11,47,0.23404255319148937
grandBatch128,joint_ce_on,decoder_temp_threshold_composite,hfirstALL_have_bmi,stage,0,1,31,47,0.6595744680851063
grandBatch128,joint_ce_on,decoder_temp_threshold_composite,hfirstALL_have_bmi,stage,0,2,5,47,0.10638297872340426
grandBatch128,joint_ce_on,decoder_temp_threshold_composite,hfirstALL_have_bmi,stage,1,0,7,18,0.3888888888888889
grandBatch128,joint_ce_on,decoder_temp_threshold_composite,hfirstALL_have_bmi,stage,1,1,11,18,0.6111111111111112
grandBatch128,joint_ce_on,decoder_temp_threshold_composite,hfirstALL_have_bmi,stage,1,2,0,18,0.0
grandBatch128,joint_ce_on,decoder_temp_threshold_composite,hfirstALL_have_bmi,stage,2,0,16,138,0.11594202898550725
grandBatch128,joint_ce_on,decoder_temp_threshold_composite,hfirstALL_have_bmi,stage,2,1,96,138,0.6956521739130435
grandBatch128,joint_ce_on,decoder_temp_threshold_composite,hfirstALL_have_bmi,stage,2,2,26,138,0.18840579710144928
grandBatch128,joint_ce_on,decoder_temp_threshold_composite,internal,stage,0,0,684,1466,0.4665757162346521
grandBatch128,joint_ce_on,decoder_temp_threshold_composite,internal,stage,0,1,564,1466,0.38472032742155526
grandBatch128,joint_ce_on,decoder_temp_threshold_composite,internal,stage,0,2,218,1466,0.14870395634379263
grandBatch128,joint_ce_on,decoder_temp_threshold_composite,internal,stage,1,0,43,191,0.225130890052356
grandBatch128,joint_ce_on,decoder_temp_threshold_composite,internal,stage,1,1,112,191,0.5863874345549738
grandBatch128,joint_ce_on,decoder_temp_threshold_composite,internal,stage,1,2,36,191,0.18848167539267016
grandBatch128,joint_ce_on,decoder_temp_threshold_composite,internal,stage,2,0,115,2224,0.05170863309352518
grandBatch128,joint_ce_on,decoder_temp_threshold_composite,internal,stage,2,1,935,2224,0.4204136690647482
grandBatch128,joint_ce_on,decoder_temp_threshold_composite,internal,stage,2,2,1174,2224,0.5278776978417267
grandBatch128_jointsoft_00,joint_ce_off,decoder_non_qwk,handan,stage,0,0,373,419,0.8902147971360382
grandBatch128_jointsoft_00,joint_ce_off,decoder_non_qwk,handan,stage,0,1,0,419,0.0
grandBatch128_jointsoft_00,joint_ce_off,decoder_non_qwk,handan,stage,0,2,46,419,0.10978520286396182
grandBatch128_jointsoft_00,joint_ce_off,decoder_non_qwk,handan,stage,1,0,3,3,1.0
grandBatch128_jointsoft_00,joint_ce_off,decoder_non_qwk,handan,stage,1,1,0,3,0.0
grandBatch128_jointsoft_00,joint_ce_off,decoder_non_qwk,handan,stage,1,2,0,3,0.0
grandBatch128_jointsoft_00,joint_ce_off,decoder_non_qwk,handan,stage,2,0,54,84,0.6428571428571429
grandBatch128_jointsoft_00,joint_ce_off,decoder_non_qwk,handan,stage,2,1,0,84,0.0
grandBatch128_jointsoft_00,joint_ce_off,decoder_non_qwk,handan,stage,2,2,30,84,0.35714285714285715
grandBatch128_jointsoft_00,joint_ce_off,decoder_non_qwk,handan_have_bmi,stage,0,0,325,368,0.8831521739130435
grandBatch128_jointsoft_00,joint_ce_off,decoder_non_qwk,handan_have_bmi,stage,0,1,0,368,0.0
grandBatch128_jointsoft_00,joint_ce_off,decoder_non_qwk,handan_have_bmi,stage,0,2,43,368,0.11684782608695653
grandBatch128_jointsoft_00,joint_ce_off,decoder_non_qwk,handan_have_bmi,stage,1,0,3,3,1.0
grandBatch128_jointsoft_00,joint_ce_off,decoder_non_qwk,handan_have_bmi,stage,1,1,0,3,0.0
grandBatch128_jointsoft_00,joint_ce_off,decoder_non_qwk,handan_have_bmi,stage,1,2,0,3,0.0
grandBatch128_jointsoft_00,joint_ce_off,decoder_non_qwk,handan_have_bmi,stage,2,0,46,75,0.6133333333333333
grandBatch128_jointsoft_00,joint_ce_off,decoder_non_qwk,handan_have_bmi,stage,2,1,0,75,0.0
grandBatch128_jointsoft_00,joint_ce_off,decoder_non_qwk,handan_have_bmi,stage,2,2,29,75,0.38666666666666666
grandBatch128_jointsoft_00,joint_ce_off,decoder_non_qwk,hebei,stage,0,0,154,154,1.0
grandBatch128_jointsoft_00,joint_ce_off,decoder_non_qwk,hebei,stage,0,1,0,154,0.0
grandBatch128_jointsoft_00,joint_ce_off,decoder_non_qwk,hebei,stage,0,2,0,154,0.0
grandBatch128_jointsoft_00,joint_ce_off,decoder_non_qwk,hebei,stage,1,0,11,12,0.9166666666666666
grandBatch128_jointsoft_00,joint_ce_off,decoder_non_qwk,hebei,stage,1,1,0,12,0.0
grandBatch128_jointsoft_00,joint_ce_off,decoder_non_qwk,hebei,stage,1,2,1,12,0.08333333333333333
grandBatch128_jointsoft_00,joint_ce_off,decoder_non_qwk,hebei,stage,2,0,24,34,0.7058823529411765
grandBatch128_jointsoft_00,joint_ce_off,decoder_non_qwk,hebei,stage,2,1,0,34,0.0
grandBatch128_jointsoft_00,joint_ce_off,decoder_non_qwk,hebei,stage,2,2,10,34,0.29411764705882354
grandBatch128_jointsoft_00,joint_ce_off,decoder_non_qwk,hfirstALL,stage,0,0,42,51,0.8235294117647058
grandBatch128_jointsoft_00,joint_ce_off,decoder_non_qwk,hfirstALL,stage,0,1,0,51,0.0
grandBatch128_jointsoft_00,joint_ce_off,decoder_non_qwk,hfirstALL,stage,0,2,9,51,0.17647058823529413
grandBatch128_jointsoft_00,joint_ce_off,decoder_non_qwk,hfirstALL,stage,1,0,19,20,0.95
grandBatch128_jointsoft_00,joint_ce_off,decoder_non_qwk,hfirstALL,stage,1,1,0,20,0.0
grandBatch128_jointsoft_00,joint_ce_off,decoder_non_qwk,hfirstALL,stage,1,2,1,20,0.05
grandBatch128_jointsoft_00,joint_ce_off,decoder_non_qwk,hfirstALL,stage,2,0,101,150,0.6733333333333333
grandBatch128_jointsoft_00,joint_ce_off,decoder_non_qwk,hfirstALL,stage,2,1,0,150,0.0
grandBatch128_jointsoft_00,joint_ce_off,decoder_non_qwk,hfirstALL,stage,2,2,49,150,0.32666666666666666
grandBatch128_jointsoft_00,joint_ce_off,decoder_non_qwk,hfirstALL_have_bmi,stage,0,0,38,47,0.8085106382978723
grandBatch128_jointsoft_00,joint_ce_off,decoder_non_qwk,hfirstALL_have_bmi,stage,0,1,0,47,0.0
grandBatch128_jointsoft_00,joint_ce_off,decoder_non_qwk,hfirstALL_have_bmi,stage,0,2,9,47,0.19148936170212766
grandBatch128_jointsoft_00,joint_ce_off,decoder_non_qwk,hfirstALL_have_bmi,stage,1,0,17,18,0.9444444444444444
grandBatch128_jointsoft_00,joint_ce_off,decoder_non_qwk,hfirstALL_have_bmi,stage,1,1,0,18,0.0
grandBatch128_jointsoft_00,joint_ce_off,decoder_non_qwk,hfirstALL_have_bmi,stage,1,2,1,18,0.05555555555555555
grandBatch128_jointsoft_00,joint_ce_off,decoder_non_qwk,hfirstALL_have_bmi,stage,2,0,90,138,0.6521739130434783
grandBatch128_jointsoft_00,joint_ce_off,decoder_non_qwk,hfirstALL_have_bmi,stage,2,1,0,138,0.0
grandBatch128_jointsoft_00,joint_ce_off,decoder_non_qwk,hfirstALL_have_bmi,stage,2,2,48,138,0.34782608695652173
grandBatch128_jointsoft_00,joint_ce_off,decoder_non_qwk,internal,stage,0,0,1076,1466,0.7339699863574352
grandBatch128_jointsoft_00,joint_ce_off,decoder_non_qwk,internal,stage,0,1,0,1466,0.0
grandBatch128_jointsoft_00,joint_ce_off,decoder_non_qwk,internal,stage,0,2,390,1466,0.2660300136425648
grandBatch128_jointsoft_00,joint_ce_off,decoder_non_qwk,internal,stage,1,0,115,191,0.6020942408376964
grandBatch128_jointsoft_00,joint_ce_off,decoder_non_qwk,internal,stage,1,1,0,191,0.0
grandBatch128_jointsoft_00,joint_ce_off,decoder_non_qwk,internal,stage,1,2,76,191,0.39790575916230364
grandBatch128_jointsoft_00,joint_ce_off,decoder_non_qwk,internal,stage,2,0,597,2224,0.26843525179856115
grandBatch128_jointsoft_00,joint_ce_off,decoder_non_qwk,internal,stage,2,1,0,2224,0.0
grandBatch128_jointsoft_00,joint_ce_off,decoder_non_qwk,internal,stage,2,2,1627,2224,0.7315647482014388
grandBatch128_jointsoft_00,joint_ce_off,decoder_temp_ev_macro_f1,handan,stage,0,0,304,419,0.7255369928400954
grandBatch128_jointsoft_00,joint_ce_off,decoder_temp_ev_macro_f1,handan,stage,0,1,75,419,0.17899761336515513
grandBatch128_jointsoft_00,joint_ce_off,decoder_temp_ev_macro_f1,handan,stage,0,2,40,419,0.0954653937947494
grandBatch128_jointsoft_00,joint_ce_off,decoder_temp_ev_macro_f1,handan,stage,1,0,3,3,1.0
grandBatch128_jointsoft_00,joint_ce_off,decoder_temp_ev_macro_f1,handan,stage,1,1,0,3,0.0
grandBatch128_jointsoft_00,joint_ce_off,decoder_temp_ev_macro_f1,handan,stage,1,2,0,3,0.0
grandBatch128_jointsoft_00,joint_ce_off,decoder_temp_ev_macro_f1,handan,stage,2,0,30,84,0.35714285714285715
grandBatch128_jointsoft_00,joint_ce_off,decoder_temp_ev_macro_f1,handan,stage,2,1,31,84,0.36904761904761907
grandBatch128_jointsoft_00,joint_ce_off,decoder_temp_ev_macro_f1,handan,stage,2,2,23,84,0.27380952380952384
grandBatch128_jointsoft_00,joint_ce_off,decoder_temp_ev_macro_f1,handan_have_bmi,stage,0,0,260,368,0.7065217391304348
grandBatch128_jointsoft_00,joint_ce_off,decoder_temp_ev_macro_f1,handan_have_bmi,stage,0,1,71,368,0.19293478260869565
grandBatch128_jointsoft_00,joint_ce_off,decoder_temp_ev_macro_f1,handan_have_bmi,stage,0,2,37,368,0.10054347826086957
grandBatch128_jointsoft_00,joint_ce_off,decoder_temp_ev_macro_f1,handan_have_bmi,stage,1,0,3,3,1.0
grandBatch128_jointsoft_00,joint_ce_off,decoder_temp_ev_macro_f1,handan_have_bmi,stage,1,1,0,3,0.0
grandBatch128_jointsoft_00,joint_ce_off,decoder_temp_ev_macro_f1,handan_have_bmi,stage,1,2,0,3,0.0
grandBatch128_jointsoft_00,joint_ce_off,decoder_temp_ev_macro_f1,handan_have_bmi,stage,2,0,25,75,0.3333333333333333
grandBatch128_jointsoft_00,joint_ce_off,decoder_temp_ev_macro_f1,handan_have_bmi,stage,2,1,28,75,0.37333333333333335
grandBatch128_jointsoft_00,joint_ce_off,decoder_temp_ev_macro_f1,handan_have_bmi,stage,2,2,22,75,0.29333333333333333
grandBatch128_jointsoft_00,joint_ce_off,decoder_temp_ev_macro_f1,hebei,stage,0,0,154,154,1.0
grandBatch128_jointsoft_00,joint_ce_off,decoder_temp_ev_macro_f1,hebei,stage,0,1,0,154,0.0
grandBatch128_jointsoft_00,joint_ce_off,decoder_temp_ev_macro_f1,hebei,stage,0,2,0,154,0.0
grandBatch128_jointsoft_00,joint_ce_off,decoder_temp_ev_macro_f1,hebei,stage,1,0,8,12,0.6666666666666666
grandBatch128_jointsoft_00,joint_ce_off,decoder_temp_ev_macro_f1,hebei,stage,1,1,3,12,0.25
grandBatch128_jointsoft_00,joint_ce_off,decoder_temp_ev_macro_f1,hebei,stage,1,2,1,12,0.08333333333333333
grandBatch128_jointsoft_00,joint_ce_off,decoder_temp_ev_macro_f1,hebei,stage,2,0,15,34,0.4411764705882353
grandBatch128_jointsoft_00,joint_ce_off,decoder_temp_ev_macro_f1,hebei,stage,2,1,12,34,0.35294117647058826
grandBatch128_jointsoft_00,joint_ce_off,decoder_temp_ev_macro_f1,hebei,stage,2,2,7,34,0.20588235294117646
grandBatch128_jointsoft_00,joint_ce_off,decoder_temp_ev_macro_f1,hfirstALL,stage,0,0,36,51,0.7058823529411765
grandBatch128_jointsoft_00,joint_ce_off,decoder_temp_ev_macro_f1,hfirstALL,stage,0,1,8,51,0.1568627450980392
grandBatch128_jointsoft_00,joint_ce_off,decoder_temp_ev_macro_f1,hfirstALL,stage,0,2,7,51,0.13725490196078433
grandBatch128_jointsoft_00,joint_ce_off,decoder_temp_ev_macro_f1,hfirstALL,stage,1,0,17,20,0.85
grandBatch128_jointsoft_00,joint_ce_off,decoder_temp_ev_macro_f1,hfirstALL,stage,1,1,2,20,0.1
grandBatch128_jointsoft_00,joint_ce_off,decoder_temp_ev_macro_f1,hfirstALL,stage,1,2,1,20,0.05
grandBatch128_jointsoft_00,joint_ce_off,decoder_temp_ev_macro_f1,hfirstALL,stage,2,0,64,150,0.4266666666666667
grandBatch128_jointsoft_00,joint_ce_off,decoder_temp_ev_macro_f1,hfirstALL,stage,2,1,39,150,0.26
grandBatch128_jointsoft_00,joint_ce_off,decoder_temp_ev_macro_f1,hfirstALL,stage,2,2,47,150,0.31333333333333335
grandBatch128_jointsoft_00,joint_ce_off,decoder_temp_ev_macro_f1,hfirstALL_have_bmi,stage,0,0,32,47,0.6808510638297872
grandBatch128_jointsoft_00,joint_ce_off,decoder_temp_ev_macro_f1,hfirstALL_have_bmi,stage,0,1,8,47,0.1702127659574468
grandBatch128_jointsoft_00,joint_ce_off,decoder_temp_ev_macro_f1,hfirstALL_have_bmi,stage,0,2,7,47,0.14893617021276595
grandBatch128_jointsoft_00,joint_ce_off,decoder_temp_ev_macro_f1,hfirstALL_have_bmi,stage,1,0,15,18,0.8333333333333334
grandBatch128_jointsoft_00,joint_ce_off,decoder_temp_ev_macro_f1,hfirstALL_have_bmi,stage,1,1,2,18,0.1111111111111111
grandBatch128_jointsoft_00,joint_ce_off,decoder_temp_ev_macro_f1,hfirstALL_have_bmi,stage,1,2,1,18,0.05555555555555555
grandBatch128_jointsoft_00,joint_ce_off,decoder_temp_ev_macro_f1,hfirstALL_have_bmi,stage,2,0,53,138,0.38405797101449274
grandBatch128_jointsoft_00,joint_ce_off,decoder_temp_ev_macro_f1,hfirstALL_have_bmi,stage,2,1,39,138,0.2826086956521739
grandBatch128_jointsoft_00,joint_ce_off,decoder_temp_ev_macro_f1,hfirstALL_have_bmi,stage,2,2,46,138,0.3333333333333333
grandBatch128_jointsoft_00,joint_ce_off,decoder_temp_ev_macro_f1,internal,stage,0,0,924,1466,0.6302864938608458
grandBatch128_jointsoft_00,joint_ce_off,decoder_temp_ev_macro_f1,internal,stage,0,1,177,1466,0.12073669849931787
grandBatch128_jointsoft_00,joint_ce_off,decoder_temp_ev_macro_f1,internal,stage,0,2,365,1466,0.2489768076398363
grandBatch128_jointsoft_00,joint_ce_off,decoder_temp_ev_macro_f1,internal,stage,1,0,78,191,0.4083769633507853
grandBatch128_jointsoft_00,joint_ce_off,decoder_temp_ev_macro_f1,internal,stage,1,1,44,191,0.23036649214659685
grandBatch128_jointsoft_00,joint_ce_off,decoder_temp_ev_macro_f1,internal,stage,1,2,69,191,0.3612565445026178
grandBatch128_jointsoft_00,joint_ce_off,decoder_temp_ev_macro_f1,internal,stage,2,0,296,2224,0.13309352517985612
grandBatch128_jointsoft_00,joint_ce_off,decoder_temp_ev_macro_f1,internal,stage,2,1,361,2224,0.16232014388489208
grandBatch128_jointsoft_00,joint_ce_off,decoder_temp_ev_macro_f1,internal,stage,2,2,1567,2224,0.7045863309352518
grandBatch128_jointsoft_00,joint_ce_off,decoder_temp_threshold_composite,handan,stage,0,0,180,419,0.4295942720763723
grandBatch128_jointsoft_00,joint_ce_off,decoder_temp_threshold_composite,handan,stage,0,1,222,419,0.5298329355608592
grandBatch128_jointsoft_00,joint_ce_off,decoder_temp_threshold_composite,handan,stage,0,2,17,419,0.0405727923627685
grandBatch128_jointsoft_00,joint_ce_off,decoder_temp_threshold_composite,handan,stage,1,0,2,3,0.6666666666666666
grandBatch128_jointsoft_00,joint_ce_off,decoder_temp_threshold_composite,handan,stage,1,1,1,3,0.3333333333333333
grandBatch128_jointsoft_00,joint_ce_off,decoder_temp_threshold_composite,handan,stage,1,2,0,3,0.0
grandBatch128_jointsoft_00,joint_ce_off,decoder_temp_threshold_composite,handan,stage,2,0,14,84,0.16666666666666666
grandBatch128_jointsoft_00,joint_ce_off,decoder_temp_threshold_composite,handan,stage,2,1,58,84,0.6904761904761905
grandBatch128_jointsoft_00,joint_ce_off,decoder_temp_threshold_composite,handan,stage,2,2,12,84,0.14285714285714285
grandBatch128_jointsoft_00,joint_ce_off,decoder_temp_threshold_composite,handan_have_bmi,stage,0,0,148,368,0.40217391304347827
grandBatch128_jointsoft_00,joint_ce_off,decoder_temp_threshold_composite,handan_have_bmi,stage,0,1,203,368,0.5516304347826086
grandBatch128_jointsoft_00,joint_ce_off,decoder_temp_threshold_composite,handan_have_bmi,stage,0,2,17,368,0.04619565217391304
grandBatch128_jointsoft_00,joint_ce_off,decoder_temp_threshold_composite,handan_have_bmi,stage,1,0,2,3,0.6666666666666666
grandBatch128_jointsoft_00,joint_ce_off,decoder_temp_threshold_composite,handan_have_bmi,stage,1,1,1,3,0.3333333333333333
grandBatch128_jointsoft_00,joint_ce_off,decoder_temp_threshold_composite,handan_have_bmi,stage,1,2,0,3,0.0
grandBatch128_jointsoft_00,joint_ce_off,decoder_temp_threshold_composite,handan_have_bmi,stage,2,0,11,75,0.14666666666666667
grandBatch128_jointsoft_00,joint_ce_off,decoder_temp_threshold_composite,handan_have_bmi,stage,2,1,52,75,0.6933333333333334
grandBatch128_jointsoft_00,joint_ce_off,decoder_temp_threshold_composite,handan_have_bmi,stage,2,2,12,75,0.16
grandBatch128_jointsoft_00,joint_ce_off,decoder_temp_threshold_composite,hebei,stage,0,0,144,154,0.935064935064935
grandBatch128_jointsoft_00,joint_ce_off,decoder_temp_threshold_composite,hebei,stage,0,1,10,154,0.06493506493506493
grandBatch128_jointsoft_00,joint_ce_off,decoder_temp_threshold_composite,hebei,stage,0,2,0,154,0.0
grandBatch128_jointsoft_00,joint_ce_off,decoder_temp_threshold_composite,hebei,stage,1,0,6,12,0.5
grandBatch128_jointsoft_00,joint_ce_off,decoder_temp_threshold_composite,hebei,stage,1,1,6,12,0.5
grandBatch128_jointsoft_00,joint_ce_off,decoder_temp_threshold_composite,hebei,stage,1,2,0,12,0.0
grandBatch128_jointsoft_00,joint_ce_off,decoder_temp_threshold_composite,hebei,stage,2,0,5,34,0.14705882352941177
grandBatch128_jointsoft_00,joint_ce_off,decoder_temp_threshold_composite,hebei,stage,2,1,26,34,0.7647058823529411
grandBatch128_jointsoft_00,joint_ce_off,decoder_temp_threshold_composite,hebei,stage,2,2,3,34,0.08823529411764706
grandBatch128_jointsoft_00,joint_ce_off,decoder_temp_threshold_composite,hfirstALL,stage,0,0,18,51,0.35294117647058826
grandBatch128_jointsoft_00,joint_ce_off,decoder_temp_threshold_composite,hfirstALL,stage,0,1,29,51,0.5686274509803921
grandBatch128_jointsoft_00,joint_ce_off,decoder_temp_threshold_composite,hfirstALL,stage,0,2,4,51,0.0784313725490196
grandBatch128_jointsoft_00,joint_ce_off,decoder_temp_threshold_composite,hfirstALL,stage,1,0,11,20,0.55
grandBatch128_jointsoft_00,joint_ce_off,decoder_temp_threshold_composite,hfirstALL,stage,1,1,9,20,0.45
grandBatch128_jointsoft_00,joint_ce_off,decoder_temp_threshold_composite,hfirstALL,stage,1,2,0,20,0.0
grandBatch128_jointsoft_00,joint_ce_off,decoder_temp_threshold_composite,hfirstALL,stage,2,0,28,150,0.18666666666666668
grandBatch128_jointsoft_00,joint_ce_off,decoder_temp_threshold_composite,hfirstALL,stage,2,1,97,150,0.6466666666666666
grandBatch128_jointsoft_00,joint_ce_off,decoder_temp_threshold_composite,hfirstALL,stage,2,2,25,150,0.16666666666666666
grandBatch128_jointsoft_00,joint_ce_off,decoder_temp_threshold_composite,hfirstALL_have_bmi,stage,0,0,15,47,0.3191489361702128
grandBatch128_jointsoft_00,joint_ce_off,decoder_temp_threshold_composite,hfirstALL_have_bmi,stage,0,1,28,47,0.5957446808510638
grandBatch128_jointsoft_00,joint_ce_off,decoder_temp_threshold_composite,hfirstALL_have_bmi,stage,0,2,4,47,0.0851063829787234
grandBatch128_jointsoft_00,joint_ce_off,decoder_temp_threshold_composite,hfirstALL_have_bmi,stage,1,0,11,18,0.6111111111111112
grandBatch128_jointsoft_00,joint_ce_off,decoder_temp_threshold_composite,hfirstALL_have_bmi,stage,1,1,7,18,0.3888888888888889
grandBatch128_jointsoft_00,joint_ce_off,decoder_temp_threshold_composite,hfirstALL_have_bmi,stage,1,2,0,18,0.0
grandBatch128_jointsoft_00,joint_ce_off,decoder_temp_threshold_composite,hfirstALL_have_bmi,stage,2,0,20,138,0.14492753623188406
grandBatch128_jointsoft_00,joint_ce_off,decoder_temp_threshold_composite,hfirstALL_have_bmi,stage,2,1,93,138,0.6739130434782609
grandBatch128_jointsoft_00,joint_ce_off,decoder_temp_threshold_composite,hfirstALL_have_bmi,stage,2,2,25,138,0.18115942028985507
grandBatch128_jointsoft_00,joint_ce_off,decoder_temp_threshold_composite,internal,stage,0,0,636,1466,0.43383356070941337
grandBatch128_jointsoft_00,joint_ce_off,decoder_temp_threshold_composite,internal,stage,0,1,586,1466,0.39972714870395637
grandBatch128_jointsoft_00,joint_ce_off,decoder_temp_threshold_composite,internal,stage,0,2,244,1466,0.1664392905866303
grandBatch128_jointsoft_00,joint_ce_off,decoder_temp_threshold_composite,internal,stage,1,0,37,191,0.193717277486911
grandBatch128_jointsoft_00,joint_ce_off,decoder_temp_threshold_composite,internal,stage,1,1,114,191,0.5968586387434555
grandBatch128_jointsoft_00,joint_ce_off,decoder_temp_threshold_composite,internal,stage,1,2,40,191,0.2094240837696335
grandBatch128_jointsoft_00,joint_ce_off,decoder_temp_threshold_composite,internal,stage,2,0,101,2224,0.045413669064748204
grandBatch128_jointsoft_00,joint_ce_off,decoder_temp_threshold_composite,internal,stage,2,1,874,2224,0.39298561151079137
grandBatch128_jointsoft_00,joint_ce_off,decoder_temp_threshold_composite,internal,stage,2,2,1249,2224,0.5616007194244604
